{
  "element_names": [
    "Al",
    "C",
    "Ca",
    "Fe",
    "K",
    "Mg",
    "Mn",
    "Na",
    "O",
    "P",
    "S",
    "Si",
    "Ti",
    "V"
  ],
  "roi": {
    "x_range": [
      200,
      400
    ],
    "y_range": [
      0,
      100
    ],
    "n": 20301
  },
  "top_latent_by_element": [
    {
      "dim": 45,
      "abs_r": 0.024244997650384903,
      "r": -0.024244997650384903
    },
    {
      "dim": 97,
      "abs_r": 0.02202058583498001,
      "r": -0.02202058583498001
    },
    {
      "dim": 93,
      "abs_r": 0.016781307756900787,
      "r": 0.016781307756900787
    }
  ]
}