{
  "element_names": [
    "Al",
    "C",
    "Ca",
    "Fe",
    "K",
    "Mg",
    "Mn",
    "Na",
    "O",
    "P",
    "S",
    "Si",
    "Ti",
    "V"
  ],
  "roi": {
    "x_range": [
      200,
      400
    ],
    "y_range": [
      0,
      100
    ],
    "n": 20301
  },
  "top_latent_by_element": [
    {
      "dim": 2,
      "abs_r": 0.024210117757320404,
      "r": 0.024210117757320404
    },
    {
      "dim": 51,
      "abs_r": 0.01739453710615635,
      "r": 0.01739453710615635
    },
    {
      "dim": 37,
      "abs_r": 0.014264404773712158,
      "r": -0.014264404773712158
    }
  ]
}