{
  "element_names": [
    "Al",
    "C",
    "Ca",
    "Fe",
    "K",
    "Mg",
    "Mn",
    "Na",
    "O",
    "P",
    "S",
    "Si",
    "Ti",
    "V"
  ],
  "roi": {
    "x_range": [
      200,
      400
    ],
    "y_range": [
      0,
      100
    ],
    "n": 20301
  },
  "top_latent_by_element": [
    {
      "dim": 253,
      "abs_r": 0.02468685619533062,
      "r": 0.02468685619533062
    },
    {
      "dim": 110,
      "abs_r": 0.02130509912967682,
      "r": 0.02130509912967682
    },
    {
      "dim": 102,
      "abs_r": 0.020715270191431046,
      "r": 0.020715270191431046
    }
  ]
}