{
  "top_latent_by_cluster": [
    {
      "dim": 94,
      "score": 0.01412664362796014,
      "k_lat": 2,
      "k_ref": 11
    },
    {
      "dim": 193,
      "score": 0.007693803280957844,
      "k_lat": 2,
      "k_ref": 11
    },
    {
      "dim": 172,
      "score": 0.0034313356308520843,
      "k_lat": 2,
      "k_ref": 11
    }
  ]
}